{"train_loss": [0.6843424692153931, 0.6471687563896179, 0.630407064151764, 0.6221255237579346, 0.6059834328651428, 0.594584521484375, 0.5816555430412292, 0.5713891929626465, 0.5603711352348327, 0.5491427013397217, 0.5402703886985779, 0.5295747010231018, 0.5203960604190826, 0.5079214193820953, 0.5070402749061584, 0.49590514855384826, 0.4936473764896393, 0.48463918390274047, 0.4795381052970886, 0.47180918440818786, 0.4718949110031128, 0.46728899183273315, 0.4651176229476929, 0.45553540568351747, 0.4498054315090179, 0.4468905593395233, 0.4452976451873779, 0.43750351600646975, 0.43537882051467897, 0.432206046962738, 0.4282003265857697, 0.4231687380313873, 0.4219593478679657, 0.4163448851108551, 0.4185270815849304, 0.413573669052124, 0.411917094039917, 0.40502875642776487, 0.40662446656227114, 0.4021065935611725, 0.39889113636016843, 0.39853533444404604, 0.3932578252315521, 0.3982505634784698, 0.39195792503356935, 0.3982620547294617, 0.3940478276729584, 0.3933636020898819, 0.38864966259002687, 0.3920946119785309], "train_acc": [0.58205, 0.63265, 0.6564, 0.6683, 0.68605, 0.70125, 0.71515, 0.7257, 0.73595, 0.7461, 0.75515, 0.76495, 0.77475, 0.7866, 0.78435, 0.7938, 0.79605, 0.80225, 0.80755, 0.81425, 0.8183, 0.81715, 0.81905, 0.8274, 0.82985, 0.83325, 0.83505, 0.8432, 0.8419, 0.84545, 0.84935, 0.8513, 0.85265, 0.85655, 0.8547, 0.86105, 0.8603, 0.86385, 0.8646, 0.86805, 0.87095, 0.87105, 0.87225, 0.87145, 0.87645, 0.8726, 0.87515, 0.87525, 0.8784, 0.87585], "val_loss": [0.6670921648025513, 0.6704788656234741, 0.6003411211490631, 0.5625856746673584, 0.5926336611747741, 0.5290648970603943, 0.5139566122531891, 0.5042694123268128, 0.5144409614086151, 0.4748853539466858, 0.47285868949890136, 0.460367825460434, 0.4484434701919556, 0.4379391492843628, 0.4213497763633728, 0.41500144195556643, 0.42541265301704406, 0.42400992374420166, 0.4591563822507858, 0.3999805697441101, 0.4103290448665619, 0.39873630928993226, 0.3841696644306183, 0.40041513967514036, 0.3936573443412781, 0.36753322582244874, 0.36994262518882753, 0.37343107752799987, 0.36208999996185304, 0.36223963747024535, 0.36588117651939395, 0.3502206021308899, 0.3569681436777115, 0.36726720275878905, 0.34233522219657897, 0.34483506903648375, 0.3419731109142303, 0.3394531967163086, 0.33958235330581665, 0.3388849802494049, 0.3392728303909302, 0.33531199011802676, 0.3338611060619354, 0.33120150978565216, 0.3321204020500183, 0.3317623842716217, 0.3314739203929901, 0.33221049585342405, 0.33087773365974427, 0.3307291633605957], "val_acc": [0.6238, 0.6146, 0.704, 0.7402, 0.681, 0.7744, 0.7902, 0.7982, 0.7766, 0.8184, 0.8248, 0.8362, 0.8366, 0.8542, 0.8578, 0.8674, 0.8584, 0.8528, 0.8354, 0.8802, 0.8666, 0.878, 0.887, 0.8772, 0.8806, 0.897, 0.8956, 0.894, 0.902, 0.8966, 0.8976, 0.9096, 0.904, 0.8968, 0.9118, 0.9118, 0.9148, 0.9162, 0.915, 0.916, 0.9142, 0.9198, 0.9206, 0.92, 0.9216, 0.9218, 0.922, 0.9212, 0.9236, 0.9222]}